City,Lat,Lng,Max Temp,Humidity,Cloudiness,Wind Speed,Country,Date
Baker City,44.7749,-117.8344,56.59,68,1,2.55,US,1624269287
Mataura,-46.1927,168.8643,44.47,92,94,3.6,NZ,1624269372
Grindavik,63.8424,-22.4338,46.87,87,90,23.02,IS,1624269321
Ribeira Grande,38.5167,-28.7,70.2,64,20,11.5,PT,1624268886
Bluff,-46.6,168.3333,44.8,77,100,11.95,NZ,1624268774
Hilo,19.7297,-155.09,71.33,78,90,6.91,US,1624269105
Victoria Point,-27.5833,153.3,63.18,78,15,1.99,AU,1624269375
Taoudenni,22.6783,-3.9836,105.69,7,0,13.98,ML,1624269086
Esperance,-33.8667,121.9,51.64,85,100,27.02,AU,1624268939
Tasiilaq,65.6145,-37.6368,41.16,58,1,6.67,GL,1624268879
Baker City,44.7749,-117.8344,56.59,68,1,2.55,US,1624269287
Mataura,-46.1927,168.8643,44.47,92,94,3.6,NZ,1624269372
Grindavik,63.8424,-22.4338,46.87,87,90,23.02,IS,1624269321
Ribeira Grande,38.5167,-28.7,70.2,64,20,11.5,PT,1624268886
Bluff,-46.6,168.3333,44.8,77,100,11.95,NZ,1624269383
Hilo,19.7297,-155.09,71.33,78,90,6.91,US,1624269105
Victoria Point,-27.5833,153.3,63.18,78,15,1.99,AU,1624269375
Taoudenni,22.6783,-3.9836,105.69,7,0,13.98,ML,1624269086
Esperance,-33.8667,121.9,51.64,85,100,27.02,AU,1624268939
Tasiilaq,65.6145,-37.6368,41.16,58,1,6.67,GL,1624268879
Yellowknife,62.456,-114.3525,45.12,70,20,5.75,CA,1624269386
Bredasdorp,-34.5322,20.0403,79.92,24,41,17.27,ZA,1624269250
Mitsamiouli,-11.3847,43.2844,79.56,65,58,12.08,KM,1624268891
Lorengau,-2.0226,147.2712,82.02,76,100,7.67,PG,1624268937
Cascais,38.6979,-9.4215,69.51,67,75,5.99,PT,1624269335
Khatanga,71.9667,102.5,82.08,33,91,8.48,RU,1624269204
Kapaa,22.0752,-159.319,75.52,84,40,1.01,US,1624268809
Iqaluit,63.7506,-68.5145,35.33,87,75,17.0,CA,1624268981
Bonavista,48.6499,-53.1147,55.4,96,99,11.97,CA,1624269391
Atar,20.5169,-13.0499,92.91,13,19,12.35,MR,1624269392
Ushuaia,-54.8,-68.3,46.06,61,75,10.36,AR,1624269392
Saint-Philippe,-21.3585,55.7679,72.95,69,61,11.9,RE,1624269393
Rikitea,-23.1203,-134.9692,75.4,80,100,17.54,PF,1624269394
Atuona,-9.8,-139.0333,79.11,78,13,16.53,PF,1624268832
Pitimbu,-7.4706,-34.8086,72.19,79,15,6.8,BR,1624269396
Tromsø,69.6496,18.957,59.38,71,75,1.01,NO,1624269058
Natal,-5.795,-35.2094,72.25,94,40,2.3,BR,1624269349
Avarua,-21.2078,-159.775,68.05,68,75,4.61,CK,1624269398
Tuktoyaktuk,69.4541,-133.0374,35.08,90,45,11.43,CA,1624269078
Aksarka,66.5606,67.7975,55.15,39,93,4.99,RU,1624269399
Saint Paul Harbor,57.79,-152.4072,48.65,94,100,7.05,US,1624269269
Puerto Madero,14.7208,-92.4215,78.84,83,100,3.96,MX,1624269401
Albany,42.6001,-73.9662,71.58,90,100,4.52,US,1624268802
Bengkulu,-3.8004,102.2655,81.93,73,41,5.64,ID,1624269053
Coquimbo,-29.9533,-71.3436,46.13,76,0,10.36,CL,1624269196
Philadelphia,39.9523,-75.1638,75.78,91,100,1.99,US,1624269338
Ocampo,21.65,-101.5,58.46,84,100,5.86,MX,1624269403
Punta Arenas,-53.15,-70.9167,41.11,75,0,17.27,CL,1624269321
Bambous Virieux,-20.3428,57.7575,74.21,60,40,18.41,MU,1624268925
Butaritari,3.0707,172.7902,76.3,88,100,6.13,KI,1624269405
Oulu,65.0124,25.4682,81.21,64,0,3.0,FI,1624269406
Nizwá,22.9333,57.5333,106.0,10,2,6.06,OM,1624269406
Whitehorse,60.7161,-135.0538,52.57,81,40,11.99,CA,1624269407
Ingham,42.6,-84.3833,65.55,95,1,8.05,US,1624269408
Berbera,10.4396,45.0143,101.61,29,76,22.95,SO,1624269409
Upernavik,72.7868,-56.1549,35.85,75,7,4.94,GL,1624268831
Māngrol,21.1167,70.1167,86.81,65,76,17.49,IN,1624269410
Madimba,-10.4,40.3333,81.72,59,24,15.95,TZ,1624269411
Maningrida,-12.0667,134.2667,76.62,77,28,9.66,AU,1624269412
Mittagong,-34.45,150.45,45.63,97,18,1.66,AU,1624269412
Bitkine,11.9801,18.2138,93.63,36,30,7.65,TD,1624269413
Qaanaaq,77.484,-69.3632,33.96,78,99,3.94,GL,1624269414
Tiksi,71.6872,128.8694,59.13,50,62,8.21,RU,1624269189
Jamestown,42.097,-79.2353,66.02,95,90,5.99,US,1624269415
Vardø,70.3705,31.1107,53.35,81,0,10.36,NO,1624268950
Lebu,-37.6167,-73.65,53.38,89,100,26.53,CL,1624269417
West Helena,34.5507,-90.6418,79.81,92,0,11.32,US,1624269417
Kawalu,-7.3817,108.2082,76.55,86,95,3.13,ID,1624269418
Cabo San Lucas,22.8909,-109.9124,76.8,83,8,11.43,MX,1624268841
Nantucket,41.2835,-70.0995,69.03,95,90,10.36,US,1624268930
Klaksvík,62.2266,-6.589,47.32,86,38,13.38,FO,1624269293
Cândido Mendes,-1.4467,-45.7167,74.84,93,35,3.62,BR,1624269420
Hermanus,-34.4187,19.2345,74.89,47,7,8.61,ZA,1624268834
Kloulklubed,7.0419,134.2556,83.53,68,90,1.28,PW,1624269200
Canguaretama,-6.38,-35.1289,72.09,82,84,5.66,BR,1624269422
Mouila,-1.8685,11.0559,81.43,68,78,1.21,GA,1624269423
Playas,-2.6333,-80.3833,71.19,85,100,7.65,EC,1624269424
Pacific Grove,36.6177,-121.9166,58.57,90,90,8.01,US,1624269425
Nikolskoye,59.7035,30.7861,89.49,33,21,10.09,RU,1624269426
Shingū,33.7333,135.9833,74.39,83,80,5.3,JP,1624269426
Nanortalik,60.1432,-45.2371,43.59,90,84,8.21,GL,1624269255
Asău,46.4333,26.4,79.39,64,53,3.98,RO,1624268900
Kenitra,34.261,-6.5802,74.73,66,87,10.54,MA,1624269429
Cape Town,-33.9258,18.4232,75.11,50,0,12.66,ZA,1624269429
Port Alfred,-33.5906,26.891,80.89,31,5,14.79,ZA,1624268888
Aklavik,68.2191,-135.0107,52.63,65,9,16.35,CA,1624268896
Vaini,-21.2,-175.2,69.96,100,20,0.0,TO,1624268913
Minden,52.2833,8.9167,75.33,100,75,5.75,DE,1624269432
Souillac,-20.5167,57.5167,74.35,60,40,18.41,MU,1624269014
Ponta do Sol,32.6667,-17.1,72.72,63,15,0.72,PT,1624268974
Mahébourg,-20.4081,57.7,74.25,60,40,18.41,MU,1624268930
Lüderitz,-26.6481,15.1594,78.8,31,0,10.87,NA,1624269103
Tomatlán,19.9333,-105.25,75.52,86,63,1.48,MX,1624269366
State College,40.7934,-77.86,68.27,96,40,6.91,US,1624269228
Sur,22.5667,59.5289,93.96,50,0,7.83,OM,1624269400
Porto-Novo,6.4965,2.6036,78.62,81,100,7.61,BJ,1624269113
Chokurdakh,70.6333,147.9167,71.38,33,13,14.23,RU,1624268861
San Cristobal,7.7669,-72.225,63.12,96,100,3.67,VE,1624269095
Cayenne,4.9333,-52.3333,75.09,91,90,0.0,GF,1624269202
Comodoro Rivadavia,-45.8667,-67.5,40.86,65,0,2.3,AR,1624269438
Havre-St-Pierre,50.2334,-63.5986,53.96,94,1,2.3,CA,1624269439
Fuling,29.7022,107.3919,74.97,88,100,0.45,CN,1624269439
Kavaratti,10.5669,72.642,82.6,78,86,20.33,IN,1624269440
Fort Nelson,58.8053,-122.7002,54.99,82,75,3.44,CA,1624269441
Sitka,57.0531,-135.33,51.69,87,90,8.05,US,1624268847
Baker City,44.7749,-117.8344,13.66,68,1,1.14,US,1624269458
Mataura,-46.1927,168.8643,6.93,92,94,1.61,NZ,1624269372
Grindavik,63.8424,-22.4338,8.26,87,90,10.29,IS,1624269459
Ribeira Grande,38.5167,-28.7,21.22,64,20,5.14,PT,1624269460
Bluff,-46.6,168.3333,7.11,77,100,5.34,NZ,1624269461
Hilo,19.7297,-155.09,21.55,74,7,0.97,US,1624269461
Victoria Point,-27.5833,153.3,17.32,78,15,0.89,AU,1624269375
Taoudenni,22.6783,-3.9836,40.94,7,0,6.25,ML,1624269439
Kirksville,40.1948,-92.5833,15.59,94,20,5.56,US,1624269467
Vaini,-21.2,-175.2,21.09,100,20,0.0,TO,1624269468
Yerbogachën,61.2767,108.0108,23.22,48,98,0.51,RU,1624269469
Ambilobe,-13.2,49.05,29.76,33,74,5.01,MG,1624269469
Mataura,-46.1927,168.8643,6.93,92,94,1.61,NZ,1624269372
Ust-Nera,64.5667,143.2,17.41,35,18,4.82,RU,1624269471
Río Gallegos,-51.6226,-69.2181,6.03,56,0,3.6,AR,1624269471
Faanui,-16.4833,-151.75,26.15,74,1,0.44,PF,1624269472
Talnakh,69.4865,88.3972,5.64,90,100,2.69,RU,1624269473
Saint George,37.1041,-113.5841,27.99,23,0,0.45,US,1624269458
Kavieng,-2.5744,150.7967,28.05,75,30,3.49,PG,1624269474
Moses Lake,47.1301,-119.2781,20.1,51,52,3.3,US,1624269475
Te Anau,-45.4167,167.7167,1.85,92,8,0.88,NZ,1624269193
Ushuaia,-54.8,-68.3,7.81,61,75,4.63,AR,1624269317
Jamestown,42.097,-79.2353,18.9,95,90,2.68,US,1624269415
Rikitea,-23.1203,-134.9692,24.11,80,100,7.84,PF,1624269478
Antofagasta,-23.65,-70.4,14.6,75,22,2.52,CL,1624269478
Beyneu,45.3167,55.2,36.06,16,0,3.33,KZ,1624269479
Lima,-12.0432,-77.0282,17.14,85,90,4.63,PE,1624269365
Deputatsky,69.3,139.9,16.64,39,0,9.27,RU,1624269480
Fare,-16.7,-151.0167,26.12,75,0,0.32,PF,1624269481
Cabo San Lucas,22.8909,-109.9124,24.89,83,8,5.11,MX,1624269482
Hilo,19.7297,-155.09,21.55,74,7,0.97,US,1624269461
Lida,53.8833,25.2997,27.58,57,14,4.62,BY,1624269483
Teguise,29.0605,-13.564,21.12,68,75,7.72,ES,1624269484
Kapaa,22.0752,-159.319,23.4,84,25,0.89,US,1624269250
Nome,64.5011,-165.4064,13.39,86,100,1.87,US,1624269485
Punta Arenas,-53.15,-70.9167,5.06,75,0,7.72,CL,1624269486
Kontagora,10.3999,5.4695,25.22,81,100,2.15,NG,1624269486
San Policarpo,12.1791,125.5072,28.29,75,100,0.5,PH,1624269487
Acapulco de Juárez,16.8634,-99.8901,25.85,86,99,1.27,MX,1624269488
Airai,-8.9266,125.4092,15.36,88,65,1.06,TL,1624269488
Pouébo,-20.4,164.5667,20.07,71,14,1.52,NC,1624269489
Bredasdorp,-34.5322,20.0403,26.62,24,41,7.72,ZA,1624269490
Albany,42.6001,-73.9662,22.01,90,100,2.02,US,1624269491
Qeshm,26.9581,56.2719,41.93,36,0,5.51,IR,1624269492
Qaanaaq,77.484,-69.3632,1.09,78,99,1.76,GL,1624269492
Praia da Vitória,38.7333,-27.0667,20.42,72,75,4.24,PT,1624269493
Wilmington,34.2257,-77.9447,23.95,89,89,1.34,US,1624269480
Araranguá,-28.9347,-49.4858,11.72,96,54,1.25,BR,1624269494
Lebu,-37.6167,-73.65,11.88,89,100,11.86,CL,1624269496
Purpe,64.4803,76.6897,13.78,38,100,5.6,RU,1624269497
San Ramon,37.7799,-121.978,15.85,88,1,0.89,US,1624269497
Cape Town,-33.9258,18.4232,23.95,50,0,5.66,ZA,1624269429
New Norfolk,-42.7826,147.0587,7.06,81,17,0.96,AU,1624269499
Busselton,-33.65,115.3333,9.47,73,92,6.41,AU,1624269499
East London,-33.0153,27.9116,29.52,20,0,4.12,ZA,1624269500
Soria,41.6667,-2.6667,14.36,62,99,5.87,ES,1624269501
Tiksi,71.6872,128.8694,15.07,50,62,3.67,RU,1624269501
Arman',59.7,150.1667,10.44,74,98,2.17,RU,1624269502
Bluff,-46.6,168.3333,7.11,77,100,5.34,NZ,1624269461
Shenyang,41.7922,123.4328,23.26,65,40,4.0,CN,1624269503
Butaritari,3.0707,172.7902,24.61,88,100,2.74,KI,1624269504
Hermanus,-34.4187,19.2345,23.83,47,7,3.85,ZA,1624269505
Meulaboh,4.1363,96.1285,27.39,80,90,2.48,ID,1624269505
Severo-Kuril'sk,50.6789,156.125,7.16,85,98,2.42,RU,1624269506
Olafsvik,64.8945,-23.7142,7.7,91,100,10.38,IS,1624269507
Alofi,-19.0595,-169.9187,18.94,94,15,1.03,NU,1624269507
Barrow,71.2906,-156.7887,1.34,88,0,2.82,US,1624269508
Moa,20.6569,-74.9403,26.19,88,55,5.11,CU,1624269509
Valparaíso,-33.0393,-71.6273,11.38,80,18,3.6,CL,1624269510
Port Hardy,50.6996,-127.4199,11.0,100,20,2.57,CA,1624269510
Makakilo City,21.3469,-158.0858,23.16,79,66,5.4,US,1624269511
Koumra,8.9126,17.5539,33.87,41,41,2.14,TD,1624269512
Thompson,55.7435,-97.8558,5.09,81,75,2.57,CA,1624269512
Khvorostyanka,52.6096,48.9597,30.8,44,12,1.81,RU,1624269514
Pulandian,39.3953,121.9669,23.07,50,47,2.4,CN,1624269514
Soe,-9.8607,124.284,19.0,75,21,2.66,ID,1624269515
Araouane,18.9048,-3.5265,39.07,14,26,5.45,ML,1624269516
Souillac,-20.5167,57.5167,23.53,60,40,8.23,MU,1624269516
Grand Gaube,-20.0064,57.6608,23.54,58,100,4.02,MU,1624269517
Westport,41.1415,-73.3579,22.92,95,100,0.89,US,1624269389
Bambous Virieux,-20.3428,57.7575,23.45,60,40,8.23,MU,1624269518
Lighthouse PT,26.2756,-80.0873,28.34,90,98,2.24,US,1624269519
Arraial do Cabo,-22.9661,-42.0278,20.92,78,75,9.77,BR,1624269520
Narsaq,60.9167,-46.05,9.37,63,22,2.24,GL,1624269521
Estación Coahuila,32.1939,-115.0017,27.61,65,0,7.19,MX,1624269521
Hithadhoo,-0.6,73.0833,28.92,69,95,6.16,MV,1624269522
Vanimo,-2.6741,141.3028,25.9,87,100,3.35,PG,1624269523
Longyearbyen,78.2186,15.6401,3.91,81,75,6.69,SJ,1624269523
Muyezerskiy,63.9333,31.65,30.11,37,7,5.51,RU,1624269524
Beringovskiy,63.05,179.3167,7.82,72,100,3.72,RU,1624269525
Lüderitz,-26.6481,15.1594,26.0,31,0,4.86,NA,1624269525
Inhambane,-23.865,35.3833,23.49,62,45,5.06,MZ,1624269526
Klaksvík,62.2266,-6.589,8.51,86,38,5.98,FO,1624269527
Pavlogradka,54.2024,73.5592,9.75,89,100,5.3,RU,1624269527
Kaeo,-35.1,173.7833,14.62,84,84,5.13,NZ,1624269528
Koslan,63.4564,48.8989,26.42,47,93,3.67,RU,1624269529
Kamenka,51.3223,42.7678,29.17,46,82,3.9,RU,1624269530
Vila Velha,-20.3297,-40.2925,20.97,88,0,2.57,BR,1624269479
Castro,-24.7911,-50.0119,8.91,97,99,3.2,BR,1624269531
Aktau,43.65,51.2,34.32,27,0,5.0,KZ,1624269532
Dikson,73.5069,80.5464,0.84,84,6,5.76,RU,1624269533
Ciudad Bolivar,8.1222,-63.5497,24.22,88,92,4.72,VE,1624269533
Santa Isabel Rio Negro,-0.4139,-65.0192,21.1,99,47,0.35,BR,1624269534
Tromsø,69.6496,18.957,15.36,71,75,3.09,NO,1624269398
Emerald,-23.5333,148.1667,17.08,45,0,2.57,AU,1624269535
Hobart,-42.8794,147.3294,7.25,88,20,0.45,AU,1624269536
Yate,51.5407,-2.4184,15.76,80,100,1.79,GB,1624269537
Bethel,41.3712,-73.414,21.83,92,100,1.65,US,1624269537
Kroya,-7.6331,109.2461,24.55,84,93,0.75,ID,1624269538
Mar del Plata,-38.0023,-57.5575,6.74,79,0,3.58,AR,1624269408
Solwezi,-12.1688,26.3894,21.61,36,5,3.52,ZM,1624269539
Pisco,-13.7,-76.2167,18.03,77,90,2.57,PE,1624269540
Mineiros,-17.5694,-52.5511,15.01,73,0,1.19,BR,1624269540
Guerrero,17.6667,-100.0,18.92,92,100,1.21,MX,1624269541
Mizdah,31.4451,12.9801,38.79,11,0,4.65,LY,1624269542
Ngunguru,-35.6167,174.5,14.53,83,23,8.39,NZ,1624269543
Lagos,6.5833,3.75,27.18,81,100,2.02,NG,1624269473
Zemio,5.0314,25.1361,29.77,49,94,1.81,CF,1624269544
Riyadh,24.6877,46.7219,41.08,6,0,4.12,SA,1624269338
Aromashevo,56.8602,68.6375,16.84,65,91,7.71,RU,1624269545
Fort Carson,38.7375,-104.7889,16.9,95,90,5.14,US,1624269546
Egvekinot,66.3167,-179.1667,9.53,53,20,4.15,RU,1624269546
Saskylakh,71.9167,114.0833,30.48,26,48,4.58,RU,1624269547
Nikolskoye,59.7035,30.7861,31.94,33,21,4.51,RU,1624269426
Torbay,47.6666,-52.7314,14.21,98,90,9.77,CA,1624269548
Mahébourg,-20.4081,57.7,23.47,60,40,8.23,MU,1624269549
Sakaiminato,35.55,133.2333,24.99,65,75,4.63,JP,1624269550
Tuktoyaktuk,69.4541,-133.0374,1.71,90,45,5.11,CA,1624269550
Puerto Ayora,-0.7393,-90.3518,22.53,95,92,3.58,EC,1624269551
Okhotsk,59.3833,143.3,9.74,80,56,4.39,RU,1624269552
Fortuna,40.5982,-124.1573,14.68,75,90,0.0,US,1624269552
Atuona,-9.8,-139.0333,26.17,78,13,7.39,PF,1624269553
Pevek,69.7008,170.3133,6.94,67,4,3.16,RU,1624269554
Sidhi,24.4167,81.8833,34.59,43,99,4.46,IN,1624269555
Mareeba,-17.0,145.4333,18.4,97,4,1.39,AU,1624269556
Pudozh,61.8099,36.5345,30.15,35,3,3.21,RU,1624269556
Hong Kong,22.2855,114.1577,31.03,81,100,0.89,HK,1624269557
Grindavik,63.8424,-22.4338,8.26,87,90,10.29,IS,1624269558
Mokrousovo,55.8103,66.7653,15.25,76,90,7.59,RU,1624269559
Vaitape,-16.5167,-151.75,26.13,74,1,0.5,PF,1624269559
Great Yarmouth,52.6083,1.7305,15.61,75,100,7.3,GB,1624269560
Ustynivka,47.9551,32.5367,27.21,53,39,2.19,UA,1624269561
São Filipe,14.8961,-24.4956,22.18,76,74,4.59,CV,1624269561
Naze,28.3667,129.4833,20.51,90,100,8.37,JP,1624269562
Aklavik,68.2191,-135.0107,11.46,65,9,7.31,CA,1624269563
Ribeira Grande,38.5167,-28.7,21.22,64,20,5.14,PT,1624269563
Port-Cartier,50.0334,-66.8654,14.12,88,73,1.13,CA,1624269564
Beloha,-25.1667,45.05,24.89,41,0,3.82,MG,1624269565
Kozlovo,56.5167,36.2667,29.63,43,74,2.08,RU,1624269565
Saint-Pierre,-21.3393,55.4781,22.8,66,40,9.26,RE,1624269567
Xinqing,48.2333,129.5,21.64,51,6,2.14,CN,1624269567
Gouré,13.9835,10.2704,32.79,30,75,2.89,NE,1624269568
Upernavik,72.7868,-56.1549,2.14,75,7,2.21,GL,1624269569
Yellowknife,62.456,-114.3525,7.29,70,20,2.57,CA,1624269386
Saldanha,-33.0117,17.9442,24.03,49,4,10.01,ZA,1624269570
Puerto Quijarro,-17.7833,-57.7667,15.47,82,50,0.47,BO,1624269571
Plácido de Castro,-10.3353,-67.1856,19.15,85,13,0.78,BR,1624269571
Lebyazh'ye,55.2689,66.4947,15.22,67,95,8.17,RU,1624269572
Gornopravdinsk,60.05,69.9,15.53,52,95,3.82,RU,1624269573
Portland,45.5234,-122.6762,21.87,73,4,1.1,US,1624269429
Yukamenskoye,57.8865,52.2416,25.42,62,49,2.8,RU,1624269574
Chingirlau,51.095,54.0814,30.0,27,0,4.41,KZ,1624269575
Saint-Philippe,-21.3585,55.7679,22.75,69,61,5.32,RE,1624269576
Rørvik,64.8621,11.2373,11.38,96,100,3.4,NO,1624269577
Ouésso,1.6136,16.0517,24.36,83,100,2.18,CG,1624269577
Santiago del Estero,-27.7951,-64.2615,7.38,76,1,1.53,AR,1624269578
Khatanga,71.9667,102.5,27.82,33,91,3.79,RU,1624269579
Mandera,3.9366,41.867,33.63,28,95,9.27,KE,1624269580
Görele,41.0308,39.0031,22.69,66,0,3.4,TR,1624269580
Shache,38.4167,77.2406,30.81,14,100,5.14,CN,1624269581
Krasnosel'kup,65.7,82.4667,9.78,60,100,6.35,RU,1624269582
Novikovo,51.1537,37.8879,28.42,46,40,6.05,RU,1624269583
Husavik,66.0449,-17.3389,9.95,55,73,4.07,IS,1624269583
Yārāda,17.65,83.2667,36.18,49,40,5.14,IN,1624269584
Shimoda,34.6667,138.95,21.17,76,90,1.13,JP,1624269585
Avarua,-21.2078,-159.775,20.03,68,75,2.06,CK,1624269291
Raudeberg,61.9875,5.1352,12.88,94,83,4.48,NO,1624269586
Tevriz,57.509,72.4042,14.73,76,88,5.61,RU,1624269587
Adrar,20.5022,-10.0711,33.05,13,53,6.03,MR,1624269588
Ust-Tsilma,65.441,52.1498,8.96,94,100,3.81,RU,1624269291
Belyy Yar,53.6039,91.3903,17.94,48,0,4.0,RU,1624269589
Coahuayana Viejo,18.7333,-103.6833,25.25,90,97,0.81,MX,1624269590
Saint Paul Harbor,57.79,-152.4072,9.25,94,100,3.15,US,1624269590
Namatanai,-3.6667,152.4333,26.5,82,16,3.8,PG,1624269591
Lyuban',52.7985,28.0048,27.83,51,92,5.66,BY,1624269592
Nemuro,43.3236,145.575,13.24,89,64,5.31,JP,1624269592
Santa Barbara,34.7333,-120.0343,13.24,92,90,2.06,US,1624269450
Sitka,57.0531,-135.33,11.94,87,90,3.09,US,1624269594
Kaitangata,-46.2817,169.8464,9.96,86,58,4.41,NZ,1624269594
Ol'ga,43.7444,135.2892,11.72,69,85,2.12,RU,1624269595
Tevaitoa,-16.7833,-151.5,25.94,75,0,0.48,PF,1624269596
Emmett,43.8735,-116.4993,18.52,56,0,2.32,US,1624269596
Verkhnyaya Inta,65.9811,60.3094,14.42,44,95,0.64,RU,1624269597
Port Alfred,-33.5906,26.891,27.16,31,5,6.61,ZA,1624269598
La Ronge,55.1001,-105.2842,6.12,81,75,1.03,CA,1624269598
Wenshang,35.7275,116.4961,36.18,21,5,4.71,CN,1624269599
Abasolo,20.45,-101.5167,17.41,89,95,0.92,MX,1624269600
George Town,5.4112,100.3354,29.38,70,20,2.06,MY,1624269601
Najrān,17.4924,44.1277,36.5,6,100,8.82,SA,1624269601
Paracuru,-3.41,-39.0306,25.01,83,67,4.01,BR,1624269602
Alice Springs,-23.7,133.8833,15.75,36,71,4.12,AU,1624269605
Khovd,48.0056,91.6419,24.51,10,0,5.06,MN,1624269608
Havøysund,70.9963,24.6622,14.49,65,100,6.66,NO,1624269609
Hamilton,39.1834,-84.5333,25.61,83,65,0.45,US,1624269599
Geraldton,-28.7667,114.6,11.74,93,100,2.06,AU,1624269611
Cidreira,-30.1811,-50.2056,13.55,93,43,1.94,BR,1624269613
Buritis,-15.6178,-46.4233,19.51,65,45,0.33,BR,1624269614
Hualmay,-11.0964,-77.6139,17.39,87,100,4.29,PE,1624269615
Bonavista,48.6499,-53.1147,11.59,96,99,5.35,CA,1624269616
Chippewa Falls,44.9369,-91.3929,13.32,82,80,7.39,US,1624269617
Dicabisagan,17.0818,122.4157,28.73,78,100,0.75,PH,1624269618
Cairns,-16.9167,145.7667,20.97,73,90,3.09,AU,1624269619
Waipawa,-41.4122,175.5153,9.35,87,100,7.87,NZ,1624269620
Abu Samrah,35.3029,37.1841,30.13,24,0,3.84,SY,1624269621
Marawi,7.9986,124.2928,23.69,92,100,0.52,PH,1624269622
Salinópolis,-0.6136,-47.3561,25.79,84,16,4.39,BR,1624269623
Mont-Dore,-22.2833,166.5833,22.22,99,45,2.05,NC,1624269625
Bulgan,48.8125,103.5347,26.07,34,39,3.4,MN,1624269626
Vertientes,21.2594,-78.1464,23.98,97,43,3.67,CU,1624269627
Port Elizabeth,-33.918,25.5701,28.94,28,0,3.09,ZA,1624269628
Cherskiy,68.75,161.3,19.03,39,82,3.81,RU,1624269629
Chapais,49.7834,-74.8492,13.71,88,100,2.94,CA,1624269631
Kandrian,-6.2167,149.55,25.86,87,29,3.24,PG,1624269632
Cockburn Town,21.4612,-71.1419,26.99,83,81,9.29,TC,1624269632
Iquique,-20.2208,-70.1431,16.02,80,100,1.98,CL,1624269135
Vung Tau,10.346,107.0843,29.44,74,57,5.71,VN,1624269634
Ponta do Sol,32.6667,-17.1,22.62,64,15,0.32,PT,1624269635
Kabare,-2.4683,28.8242,21.22,68,71,2.65,CD,1624269551
Salalah,17.0151,54.0924,28.68,80,92,5.68,OM,1624269622
Iqaluit,63.7506,-68.5145,1.5,82,100,7.6,CA,1624269637
Rawson,-43.3002,-65.1023,5.91,59,94,3.11,AR,1624269638
Zhezkazgan,47.8043,67.7144,22.95,22,0,10.5,KZ,1624269639
Fukagawa,43.7081,142.0392,15.37,96,81,2.01,JP,1624269640
Korčula,42.9622,17.1369,32.31,85,87,4.37,HR,1624269641
Broken Hill,-31.95,141.4333,10.56,54,0,3.86,AU,1624269642
Sri Aman,1.2376,111.4621,26.2,86,100,1.23,MY,1624269642
Livingston,55.9029,-3.5226,14.14,67,75,2.57,GB,1624269644
Tasiilaq,65.6145,-37.6368,5.09,58,1,2.98,GL,1624269644
Bariloche,-41.1456,-71.3082,2.22,94,100,2.34,AR,1624269645
Auki,-8.7676,160.7034,25.45,82,95,1.51,SB,1624269647
Peno,56.9262,32.7426,29.87,44,70,3.36,RU,1624269648
Tuzla,44.5428,18.6694,30.98,58,0,1.03,BA,1624269425
São Gabriel da Cachoeira,-0.1303,-67.0892,20.85,99,77,0.34,BR,1624269649
Harsūd,22.1,76.7333,33.93,42,85,5.12,IN,1624269650
San Juan,-31.5375,-68.5364,4.69,56,0,1.58,AR,1624269623
Padang,-0.9492,100.3543,30.03,72,85,1.52,ID,1624269651
College,64.8569,-147.8028,18.1,68,75,0.0,US,1624269368
Lucapa,-8.4192,20.7447,29.08,25,14,3.52,AO,1624269652
San Cristobal,7.7669,-72.225,17.29,96,100,1.64,VE,1624269653
The Valley,18.217,-63.0578,27.28,76,88,9.42,AI,1624269654
Port Shepstone,-30.7414,30.455,23.15,41,1,3.97,ZA,1624269654
Nantucket,41.2835,-70.0995,20.57,95,90,4.12,US,1624269508
Künzelsau,49.2819,9.6889,26.96,56,20,1.54,DE,1624269656
Ketchikan,55.3422,-131.6461,13.42,91,88,1.87,US,1624269576
Necochea,-38.5473,-58.7368,5.57,79,98,3.93,AR,1624269579
Urusha,54.05,122.9,24.82,48,38,1.71,RU,1624269658
São José da Coroa Grande,-8.8978,-35.1478,24.85,83,22,2.02,BR,1624269659
Esim,4.8699,-2.2405,24.52,81,100,2.6,GH,1624269659
Nouadhibou,20.931,-17.0347,20.42,73,0,6.32,MR,1624269660
Abnūb,27.2696,31.1511,37.74,13,0,0.89,EG,1624269661
Mairwa,26.2333,84.15,30.57,70,100,1.2,IN,1624269662
Selizharovo,56.8519,33.4487,29.01,48,100,3.01,RU,1624269663
Kalianget,-7.05,113.9333,27.87,71,86,2.26,ID,1624269664
Vryheid,-27.7695,30.7917,19.97,19,0,1.99,ZA,1624269665
Esperance,-33.8667,121.9,10.91,85,100,12.08,AU,1624269666
Kharp,66.8014,65.8081,12.31,44,43,3.8,RU,1624269666
Fort Nelson,58.8053,-122.7002,13.9,70,85,1.07,CA,1624269667
João Pinheiro,-17.7425,-46.1725,16.23,69,0,1.57,BR,1624269668
Namtsy,62.7161,129.6658,32.06,31,3,2.18,RU,1624269669
Winnemucca,40.973,-117.7357,17.84,34,0,2.66,US,1624269613
Ilulissat,69.2167,-51.1,4.01,87,75,2.57,GL,1624269670
Saurimo,-9.6608,20.3916,26.94,27,9,3.84,AO,1624269671
San Carlos,9.6612,-68.5827,22.43,85,78,0.8,VE,1624269672
Dudinka,69.4058,86.1778,3.07,95,100,5.22,RU,1624269672
Paamiut,61.994,-49.6678,6.15,74,9,2.52,GL,1624269673
Port Hawkesbury,45.6169,-61.3485,18.74,82,2,1.5,CA,1624269674
Chokurdakh,70.6333,147.9167,21.88,33,13,6.36,RU,1624269675
Kuybyshevo,47.8123,38.9073,29.1,42,0,8.0,RU,1624269675
Tavda,58.0425,65.2726,17.64,45,96,3.87,RU,1624269676
Santo Antônio do Içá,-3.1022,-67.9397,21.1,99,45,0.53,BR,1624269677
Areosa,41.7178,-8.8571,18.71,78,44,2.86,PT,1624269678
Comodoro Rivadavia,-45.8667,-67.5,4.92,65,0,1.03,AR,1624269438
Huntsville,34.7304,-86.5861,24.74,90,1,3.6,US,1624269473
Nanortalik,60.1432,-45.2371,6.44,90,84,3.67,GL,1624269680
Usinsk,65.9939,57.5281,15.04,42,97,3.64,RU,1624269681
Andros Town,24.7,-77.7667,27.03,77,25,6.19,BS,1624269628
Oyama,36.3,139.8,24.25,64,69,4.65,JP,1624269682
Fairlie,55.756,-4.8556,14.95,83,100,2.9,GB,1624269683
Darhan,49.4867,105.9228,30.15,28,0,3.23,MN,1624269683
Skibbereen,51.55,-9.2667,12.89,66,89,8.88,IE,1624269684
Kununurra,-15.7667,128.7333,22.99,38,5,2.57,AU,1624269685
Sabang,5.8933,95.3214,28.83,73,96,9.34,ID,1624269686
Otradnoye,59.7775,30.8181,32.03,33,13,4.43,RU,1624269687
Mossamedes,-15.1961,12.1522,27.34,40,4,1.91,AO,1624269688
Bathsheba,13.2167,-59.5167,26.57,74,72,8.04,BB,1624269654
Sinop Province,41.7711,34.8709,23.34,64,5,3.51,TR,1624269690
Atar,20.5169,-13.0499,33.84,13,19,5.52,MR,1624269691
Cheyenne,41.14,-104.8203,11.02,91,100,0.89,US,1624269669
Carutapera,-1.195,-46.02,24.63,90,56,2.86,BR,1624269693
Chegdomyn,51.1167,133.0167,23.13,48,43,1.18,RU,1624269693
São Félix do Xingu,-6.6447,-51.995,19.98,79,4,0.59,BR,1624269695
Ahipara,-35.1667,173.1667,14.47,87,73,8.29,NZ,1624269695
Gimli,50.6336,-96.9907,5.8,85,9,5.28,CA,1624269696
La Rochelle,46.1667,-1.15,23.06,60,0,2.57,FR,1624269697
Constitución,-35.3333,-72.4167,10.71,68,100,5.15,CL,1624269656
Chui,-33.6971,-53.4616,7.22,88,24,2.26,UY,1624269698
Kiryat Gat,31.61,34.7642,31.55,38,0,5.51,IL,1624269699
Tupik,54.4253,119.9327,21.81,66,92,1.2,RU,1624269700
Praia,14.9215,-23.5087,25.3,61,75,6.17,CV,1624269700
Ayní,39.3941,68.5377,25.43,29,33,3.98,TJ,1624269701
Hofn,64.2539,-15.2082,9.01,71,40,2.57,IS,1624269702
Vostok,46.4856,135.8833,16.45,42,50,2.71,RU,1624269702
Champerico,14.3,-91.9167,28.53,82,98,1.98,GT,1624269703
Kabinda,-6.1333,24.4833,29.28,25,88,3.68,CD,1624269704
Provideniya,64.3833,-173.3,13.5,55,25,1.58,RU,1624269705
Van Buren,35.4368,-94.3483,25.6,86,75,1.54,US,1624269705
Dingle,10.9995,122.6711,27.08,79,100,3.31,PH,1624269706
Labuhan,-6.8844,112.2051,26.13,76,100,0.93,ID,1624269707
Mount Gambier,-37.8333,140.7667,6.54,84,9,2.5,AU,1624269707
Bengkulu,-3.8004,102.2655,27.74,73,41,2.52,ID,1624269708
Norman Wells,65.282,-126.8329,17.02,48,90,4.12,CA,1624269709
Timbiquí,2.7717,-77.6654,22.95,96,97,1.54,CO,1624269709
Shamary,57.3434,58.2199,21.25,30,44,1.95,RU,1624269710
Yar-Sale,66.8333,70.8333,9.94,53,100,6.13,RU,1624269711
Athani,16.7333,75.0667,30.74,45,91,8.72,IN,1624269712
Arroyo de la Encomienda,41.6096,-4.7969,17.07,74,75,1.34,ES,1624269713
Arawa,-6.2132,155.5367,25.19,91,80,1.57,PG,1624269714
Sola,-13.8833,167.55,27.21,78,60,7.76,VU,1624269715
Vao,-22.6667,167.4833,22.01,64,44,5.54,NC,1624269715
Bhaderwah,32.9784,75.7186,25.03,47,94,1.43,IN,1624269716
Mildura,-34.2,142.15,8.37,75,0,4.02,AU,1624269717
Unidos,8.5942,123.668,26.82,82,100,3.76,PH,1624269717
Boddam,57.4667,-1.7833,13.94,65,18,8.93,GB,1624269718
Mercedes,-34.6515,-59.4307,7.14,94,96,2.43,AR,1624269719
Requena,39.4883,-1.1004,25.05,43,2,8.37,ES,1624269495
Marrakesh,31.6315,-8.0083,23.04,49,0,1.54,MA,1624269612
La Santisima Trinidad,-14.8333,-64.9,14.29,82,48,1.05,BO,1624269721
Dogondoutchi,13.6393,4.0287,30.43,52,94,7.03,NE,1624269722
Huntington,38.4193,-82.4452,24.31,92,32,3.51,US,1624269557
North Bend,43.4065,-124.2243,14.4,94,90,2.06,US,1624269723
Pangnirtung,66.1451,-65.7125,6.65,72,100,0.88,CA,1624269724
Vestmanna,62.1564,-7.1664,7.51,93,75,8.75,FO,1624269725
Byron Bay,-28.65,153.6167,16.94,83,94,5.21,AU,1624269591
Tagusao,9.1924,117.8141,27.44,78,100,3.56,PH,1624269726
Laguna,38.421,-121.4238,25.28,70,1,0.89,US,1624269727
Garissa,-0.4536,39.6401,31.94,35,59,10.6,KE,1624269728
Sorokino,53.75,84.9167,13.17,86,99,5.3,RU,1624269729
Cariati,39.4922,16.9594,37.93,47,55,1.87,IT,1624269729
Lompoc,34.6391,-120.4579,15.61,86,90,0.0,US,1624269730
Ledyard Center,41.4398,-72.0142,21.24,90,90,2.06,US,1624269706
Katherine,-14.4667,132.2667,22.18,40,11,2.57,AU,1624269732
Kruisfontein,-34.0033,24.7314,27.71,23,5,9.04,ZA,1624269733
Honiara,-9.4333,159.95,26.0,85,64,1.69,SB,1624269734
Aktas,49.7789,72.9608,14.86,51,84,9.73,KZ,1624269735
Yangjiang,21.85,111.9667,33.86,74,100,3.87,CN,1624269549
Benin,9.5,2.25,26.8,72,96,1.17,BJ,1624269736
Staryy Nadym,65.6118,72.6842,11.96,43,18,8.28,RU,1624269736
Maceió,-9.6658,-35.7353,23.69,94,40,2.57,BR,1624269737
Flinders,-34.5833,150.8552,12.88,86,14,0.45,AU,1624269738
Vardø,70.3705,31.1107,11.86,86,93,7.3,NO,1624269739
Teknāf,20.8624,92.3058,28.74,76,56,2.4,BD,1624269740
Lavrentiya,65.5833,-171.0,7.81,67,94,4.86,RU,1624269740
Pavino,59.1139,46.1414,30.88,35,18,3.44,RU,1624269741
Orangeburg,33.4918,-80.8557,23.27,92,43,2.24,US,1624269503
Eureka,40.8021,-124.1637,14.82,95,44,0.45,US,1624269742
Belaya Gora,68.5333,146.4167,21.99,29,11,5.15,RU,1624269743
Tambun,-6.2641,107.0712,30.27,94,40,2.57,ID,1624269744
Guerrero Negro,27.9769,-114.0611,17.71,84,71,2.65,MX,1624269744
Saint Anthony,45.0205,-93.218,12.86,78,1,1.34,US,1624269745
Warrington,53.3925,-2.5802,18.53,61,0,1.79,GB,1624269670
Bonfim,3.0833,-59.95,23.51,83,96,1.3,BR,1624269746
Bourail,-21.5667,165.4833,19.1,74,43,0.67,NC,1624269747
Partizanskoye,55.5006,94.39,8.0,92,100,4.45,RU,1624269748
Catuday,16.2923,119.8062,27.72,77,82,5.37,PH,1624269749
Karratha,-20.7377,116.8463,18.68,70,100,5.13,AU,1624269749
Jiancheng,30.391,104.5491,30.35,54,37,1.48,CN,1624269750
Terney,45.0503,136.6092,13.03,67,26,1.75,RU,1624269751
Camacha,33.0833,-16.3333,19.18,60,75,3.6,PT,1624269752
Vogan,6.3333,1.5333,25.13,85,100,4.51,TG,1624269752
São João da Barra,-21.6403,-41.0511,20.05,85,34,4.33,BR,1624269753
Madrid,40.4165,-3.7026,19.45,61,20,4.47,ES,1624269632
San Bartolomé de Tirajana,27.9248,-15.5733,17.26,71,75,8.23,ES,1624269754
Forsytheganj,52.6333,29.7333,28.32,51,38,5.45,BY,1624269755
Buta,2.7858,24.73,32.68,45,74,0.8,CD,1624269756
Butka,56.7179,63.7866,16.93,50,91,3.04,RU,1624269757
Bud,39.447,-86.1758,25.97,80,100,7.53,US,1624269757
Nachalovo,46.338,48.2013,33.96,21,0,9.0,RU,1624269758
Komatipoort,-25.4332,31.9548,22.81,47,0,1.82,ZA,1624269759
Manas,42.7275,47.6785,25.65,57,0,13.0,RU,1624269759
Asău,46.4333,26.4,23.31,68,53,1.78,RO,1624269760
Rundu,-17.9333,19.7667,22.21,25,0,5.25,NA,1624269761
Ampanihy,-24.7,44.75,25.85,36,0,3.81,MG,1624269762
General Pico,-35.6566,-63.7568,4.83,92,15,3.05,AR,1624269762
Tomatlán,19.9333,-105.25,24.18,86,63,0.66,MX,1624269763
Faya,18.3851,42.4509,29.01,14,97,3.94,SA,1624269764
Chadiza,-14.0678,32.4392,20.64,49,58,3.09,ZM,1624269764
Kumul,42.8,93.45,32.77,19,91,3.64,CN,1624269765
Galesong,-5.3166,119.3661,25.01,77,100,1.18,ID,1624269766
Xining,36.6167,101.7667,23.6,31,64,5.93,CN,1624269767
St. George's,12.0564,-61.7485,25.82,94,75,7.2,GD,1624269480
Jumla,29.2747,82.1838,21.6,74,81,2.44,NP,1624269768
Solnechnyy,50.7214,136.6319,19.57,56,97,1.69,RU,1624269769
Leningradskiy,69.3833,178.4167,4.29,79,8,3.78,RU,1624269770
Port Lincoln,-34.7333,135.8667,13.68,70,96,5.98,AU,1624269771
Gumdag,39.2061,54.5906,37.69,6,0,9.81,TM,1624269771
Victoria Point,-27.5833,153.3,16.62,77,15,0.89,AU,1624269772
Annau,37.8876,58.516,33.32,7,0,3.24,TM,1624269773
Marsá Maţrūḩ,31.3525,27.2453,27.71,57,0,5.12,EG,1624269773
Waingapu,-9.6567,120.2641,25.92,82,8,3.16,ID,1624269774
Shingū,33.7333,135.9833,20.19,83,80,2.37,JP,1624269775
Tessalit,20.1986,1.0114,40.38,6,28,8.05,ML,1624269775
Hasaki,35.7333,140.8333,23.22,80,89,7.28,JP,1624269776
Hailey,43.5196,-114.3153,11.92,66,1,4.12,US,1624269777
Saint-François,46.4154,3.9054,24.15,68,75,2.06,FR,1624269778
Hambantota,6.1241,81.1185,36.19,56,20,6.17,LK,1624269778
Konya Province,38.1667,32.5,21.91,47,92,0.26,TR,1624269316
Beatrice,40.2681,-96.747,18.43,77,40,2.06,US,1624269779
Tambopata,-12.7333,-69.1833,19.25,83,87,0.51,PE,1624269780
Dunedin,-45.8742,170.5036,8.78,71,52,8.05,NZ,1624269781
Nchelenge,-9.3451,28.734,24.65,40,1,2.44,ZM,1624269704
George Town,5.4112,100.3354,29.38,70,20,2.06,MY,1624269616
Poum,-20.2333,164.0167,22.22,67,16,6.57,NC,1624269783
Mtambile,-5.3833,39.7,25.34,74,98,5.51,TZ,1624269784
Dvinskoy,62.1535,45.1175,30.97,34,59,3.73,RU,1624269784
San Rafael,-34.6177,-68.3301,6.31,49,9,2.0,AR,1624269785
Brae,60.3964,-1.353,11.95,71,40,7.43,GB,1624269786
Carnarvon,-24.8667,113.6333,17.78,54,44,9.45,AU,1624269787
Cochrane,51.1834,-114.4687,12.57,85,35,1.35,CA,1624269644
Liberia,6.5,-9.5,25.73,80,85,0.76,LR,1624269788
Impfondo,1.6381,18.0667,26.87,71,100,0.95,CG,1624269789
Manokwari,-0.8667,134.0833,26.87,79,48,3.49,ID,1624269789
Krasnoarmeysk,51.0239,45.6969,28.27,46,47,2.34,RU,1624269790
Wajima,37.4,136.9,19.68,84,81,4.32,JP,1624269791
Ravensburg,47.7833,9.6167,26.72,59,0,1.03,DE,1624269792
Taoudenni,22.6783,-3.9836,40.94,7,0,6.25,ML,1624269793
Senanga,-16.1167,23.2667,23.89,25,1,3.96,ZM,1624269793
Palmer,42.1584,-72.3287,21.34,79,1,0.0,US,1624269794
Puerto Maldonado,-12.6,-69.1833,19.38,83,81,0.55,PE,1624269795
Denpasar,-8.65,115.2167,28.81,74,20,0.51,ID,1624269796
Palm Springs,33.8303,-116.5453,31.5,28,1,0.89,US,1624269678
Vila do Maio,15.1333,-23.2167,25.44,79,100,7.39,CV,1624269797
Pimentel,-6.8367,-79.9342,17.78,86,80,1.34,PE,1624269798
Myitkyina,25.3833,97.4,29.26,78,83,0.27,MM,1624269799
Evanston,42.0411,-87.6901,20.54,92,100,0.45,US,1624269517
Mariehamn,60.0973,19.9348,17.92,88,0,5.66,AX,1624269800
San Quintín,30.4833,-115.95,17.07,86,84,2.78,MX,1624269801
Ancud,-41.8697,-73.8203,10.13,92,100,8.77,CL,1624269801
Luganville,-15.5333,167.1667,25.2,85,18,2.56,VU,1624269802
Clyde River,70.4692,-68.5914,0.6,95,72,2.81,CA,1624269667
Gwadar,25.1216,62.3254,30.36,71,13,4.79,PK,1624269660
Oranjemund,-28.55,16.4333,24.33,34,0,3.15,NA,1624269620
Gorontalo,0.5412,123.0595,24.96,93,100,1.6,ID,1624269804
Dombarovskiy,50.7587,59.5386,24.29,21,6,6.76,RU,1624269805
Taree,-31.9,152.4667,13.39,93,57,1.65,AU,1624269806
Nueva Gorgona,8.55,-79.8667,26.28,99,92,2.44,PA,1624269807
Kismayo,-0.3582,42.5454,27.05,69,78,8.37,SO,1624269808
Leshukonskoye,64.8989,45.7622,22.47,60,99,4.15,RU,1624269809
Curuçá,-0.7289,-47.8481,22.76,96,30,1.83,BR,1624269809
Kupang,-10.1667,123.5833,28.32,69,20,1.54,ID,1624269811
Krasnyy Chikoy,50.3643,108.7512,26.05,43,25,0.79,RU,1624269811
Hay River,60.8156,-115.7999,9.42,76,48,3.18,CA,1624269812
San Sebastián Tenango,18.65,-98.1833,19.65,90,91,0.46,MX,1624269813
Semey,50.4111,80.2275,15.12,82,75,7.0,KZ,1624269814
Eyl,7.9803,49.8164,33.17,42,6,11.42,SO,1624269814
Simbahan,6.3032,120.5836,28.57,68,100,2.65,PH,1624269815
Cayenne,4.9333,-52.3333,23.94,91,90,0.0,GF,1624269724
Ibrā’,22.6906,58.5334,42.27,9,0,4.09,OM,1624269816
Bath,51.3779,-2.3591,16.12,81,100,5.56,GB,1624269601
Husiatyn,49.0726,26.2141,24.32,65,62,3.14,UA,1624269818
Bundaberg,-24.85,152.35,17.34,86,48,0.45,AU,1624269818
Raychikhinsk,49.7838,129.4121,22.44,71,1,1.45,RU,1624269819
Merbes-le-Château,50.3246,4.1661,18.93,96,100,3.05,BE,1624269820
Bondoukou,8.0333,-2.8,22.75,92,100,2.47,CI,1624269821
Almaznyy,48.0448,40.045,30.08,44,39,7.52,RU,1624269822
Tutóia,-2.7619,-42.2744,25.0,83,59,5.63,BR,1624269823
Uyuni,-20.4597,-66.825,-0.22,31,95,5.09,BO,1624269824
Thinadhoo,0.5333,72.9333,29.01,69,76,6.03,MV,1624269825
Francisco Sá,-16.4758,-43.4883,17.64,68,0,1.74,BR,1624269825
Birjand,32.8663,59.2211,29.4,7,0,9.61,IR,1624269826
Ereymentau,51.6199,73.1033,9.6,77,98,6.55,KZ,1624269827
Katsuura,35.1333,140.3,23.95,82,90,5.59,JP,1624269580
Suntar,62.1444,117.6319,31.58,28,26,1.74,RU,1624269829
Santa Rosalía,27.3167,-112.2833,24.91,53,92,3.84,MX,1624269830
Yangi Marg`ilon,40.4272,71.7189,32.68,17,0,4.12,UZ,1624269831
Burla,21.5,83.8667,34.41,51,100,1.57,IN,1624269831
Jalu,29.0331,21.5482,33.58,22,0,2.67,LY,1624269832
Coyhaique,-45.5752,-72.0662,1.97,93,90,2.06,CL,1624269833
Isangel,-19.55,169.2667,23.07,85,95,2.66,VU,1624269834
Koumac,-20.5667,164.2833,20.54,71,14,4.07,NC,1624269834
Lethem,3.3803,-59.7968,23.6,85,94,2.2,GY,1624269835
Imbituba,-28.24,-48.6703,13.59,90,72,1.36,BR,1624269708
Sonda,59.3436,26.8364,29.18,46,3,5.01,EE,1624269836
Iztapa,13.9333,-90.7075,27.57,92,98,2.8,GT,1624269837
Yanaul,56.2719,54.9309,21.3,54,80,3.35,RU,1624269838
Vryburg,-26.9566,24.7284,19.05,24,0,3.36,ZA,1624269839
Sayán,-11.1361,-77.1933,18.01,76,100,0.51,PE,1624269839
Phayao,19.25,100.25,29.32,69,98,1.65,TH,1624269840
Chicama,-7.8447,-79.1469,17.95,91,88,2.82,PE,1624269842
Province of Trapani,37.8333,12.6667,37.38,36,94,4.66,IT,1624269843
Kavaratti,10.5669,72.642,28.11,78,86,9.09,IN,1624269843
Verkh-Usugli,52.7,115.1667,20.37,54,81,1.59,RU,1624269844
Gigmoto,13.7796,124.39,29.2,78,100,4.1,PH,1624269845
Ardakān,32.31,54.0175,37.21,6,0,7.18,IR,1624269845
Oktyabr'skiy,54.4815,53.471,25.87,56,67,3.0,RU,1624269846
Esmeraldas,-19.7625,-44.3139,15.48,76,70,1.0,BR,1624269847
Yushu,44.8,126.5333,20.0,63,37,5.69,CN,1624269848
Una,20.8167,71.0333,32.32,55,50,8.72,IN,1624269848
Poronaysk,49.2167,143.1167,10.47,72,34,3.47,RU,1624269849
Bandarbeyla,9.4942,50.8122,32.31,45,25,11.53,SO,1624269850
Kawalu,-7.3817,108.2082,24.75,86,95,1.4,ID,1624269850
Yeppoon,-23.1333,150.7333,15.88,80,0,2.92,AU,1624269851
Sal Rei,16.1833,-22.9167,23.31,68,75,8.75,CV,1624269852
Linxia Chengguanzhen,35.6003,103.2064,25.95,30,63,3.19,CN,1624269853
Turbat,26.0023,63.044,40.99,15,2,3.51,PK,1624269676
Alnashi,56.1874,52.4792,26.66,60,46,2.74,RU,1624269854
Masterton,-40.9597,175.6575,11.77,94,100,5.25,NZ,1624269855
Dauphin,51.1494,-100.0502,3.14,76,17,2.84,CA,1624269856
Antrim,54.6667,-6.25,14.52,51,20,7.2,GB,1624269856
Lázaro Cárdenas,17.9583,-102.2,25.34,83,100,1.67,MX,1624269857
Fershampenuaz,53.5202,59.8117,20.87,30,3,4.51,RU,1624269858
Yenagoa,4.9247,6.2642,25.53,89,100,2.02,NG,1624269858
Guaíra,-20.3183,-48.3106,17.74,74,88,1.83,BR,1624269859
Kamaishi,39.2667,141.8833,17.09,93,94,1.96,JP,1624269860
Dakar,14.6937,-17.4441,25.49,73,100,3.58,SN,1624269791
Bonthe,7.5264,-12.505,23.94,94,100,4.73,SL,1624269861
Saint-Augustin,51.226,-58.6502,12.59,91,95,2.69,CA,1624269862
Zhalantun,48.0,122.7167,22.74,65,54,1.2,CN,1624269863
Los Llanos de Aridane,28.6585,-17.9182,19.86,82,75,3.09,ES,1624269863
Navalcarnero,40.2891,-4.012,19.45,100,12,7.01,ES,1624269864
Rimouski,48.4488,-68.524,15.14,87,83,2.62,CA,1624269645
Vila,42.0304,-8.1588,14.86,85,95,2.37,PT,1624269586
Bowen,-20.0167,148.2333,17.97,69,0,4.26,AU,1624269866
Acireale,37.6125,15.1663,37.7,31,0,1.34,IT,1624269866
Malé,4.1748,73.5089,28.67,71,24,6.71,MV,1624269837
Kasongo-Lunda,-6.4667,16.8167,32.22,25,57,2.17,CD,1624269868
Tūkrah,32.5341,20.5791,28.9,41,0,3.86,LY,1624269869
Boyabat,41.4689,34.7667,21.0,43,14,2.37,TR,1624269870
Dmitriyevka,54.75,55.3333,20.75,48,72,1.2,RU,1624269871
Jiaxing,30.7522,120.75,28.01,79,100,2.5,CN,1624269872
Panjāb,34.388,67.0233,21.55,13,37,4.7,AF,1624269872
Trincomalee,8.5711,81.2335,30.26,69,69,5.31,LK,1624269874
Carbonear,47.7332,-53.2148,13.91,97,98,4.36,CA,1624269874
Vágur,61.4732,-6.8119,8.2,89,33,10.0,FO,1624269875
Vila Franca do Campo,37.7167,-25.4333,19.23,67,78,3.57,PT,1624269876
Kahului,20.8947,-156.47,24.36,85,79,2.68,US,1624269700
Princeton,25.5384,-80.4089,28.34,93,75,0.0,US,1624269877
Sarkand,45.41,79.9186,27.29,20,40,5.66,KZ,1624269878
Antalaha,-14.9003,50.2788,25.4,58,87,5.01,MG,1624269878
Ikirun,7.9167,4.6667,26.61,70,100,2.38,NG,1624269879
Ciudad General Terán,25.2667,-99.6833,26.0,76,98,4.48,MX,1624269880
Ucluelet,48.9329,-125.5528,16.09,89,77,1.19,CA,1624269880
Cabo Rojo,18.0866,-67.1457,25.93,91,91,4.14,PR,1624269882
Luena,-11.7833,19.9167,23.24,29,21,3.99,AO,1624269882
La Asuncion,11.0333,-63.8628,25.67,83,77,6.12,VE,1624269883
Voi,-3.3945,38.563,28.73,37,97,6.57,KE,1624269884
Rio Grande,-32.035,-52.0986,12.16,87,82,3.41,BR,1624269782
Mariental,-24.6333,17.9667,20.73,28,0,6.93,NA,1624269886
Cavalcante,-13.7975,-47.4583,18.27,65,2,1.61,BR,1624269887
Harper,4.375,-7.7169,26.96,76,68,2.72,LR,1624269887
Jaroměřice nad Rokytnou,49.0941,15.8933,29.44,68,26,3.39,CZ,1624269888
Yulara,-25.2406,130.9889,17.91,34,96,2.57,AU,1624269889
Pak Phanang,8.3511,100.202,33.01,56,86,0.88,TH,1624269890
Maketu,-37.7667,176.45,14.41,78,63,5.53,NZ,1624269891
Manuk Mangkaw,4.8,119.85,28.13,71,100,2.6,PH,1624269892
Itarema,-2.9248,-39.9167,24.52,83,21,4.89,BR,1624269893
Puerto Escondido,15.85,-97.0667,26.35,86,81,1.5,MX,1624269893
Bongandanga,1.5,21.05,32.36,45,60,1.01,CD,1624269895
Havre-St-Pierre,50.2334,-63.5986,11.72,93,78,1.62,CA,1624269702
Galveston,29.3669,-94.9669,29.06,84,75,2.68,US,1624269897
Nabire,-3.3667,135.4833,24.68,90,97,0.66,ID,1624269898
Port Augusta,-32.5,137.7667,12.06,51,75,2.5,AU,1624269899
La Romana,18.4273,-68.9728,24.55,92,45,2.83,DO,1624269765
Tahoua,14.8888,5.2692,31.91,42,95,5.34,NE,1624269900
Ghanzi,-21.5667,21.7833,19.64,32,3,5.83,BW,1624269901
Shenjiamen,29.9576,122.298,22.88,76,97,3.19,CN,1624269901
Arrondissement de Saint-Denis,48.9167,2.3333,23.31,64,0,1.34,FR,1624269902
Safranbolu,41.2508,32.6942,18.85,80,100,2.08,TR,1624269903
Koshurnikovo,54.1667,93.3,10.4,67,95,2.38,RU,1624269904
Kumylzhenskaya,49.8809,42.5898,31.97,27,39,6.33,RU,1624269904
Port Hedland,-20.3167,118.5667,16.03,100,40,3.6,AU,1624269905
Piaçabuçu,-10.4056,-36.4344,23.01,93,19,1.91,BR,1624269906
Gerāsh,27.6652,54.1371,39.29,5,0,5.27,IR,1624269907
Wysokie Mazowieckie,52.9166,22.5171,27.29,56,20,6.49,PL,1624269480
Trogir,43.5125,16.2517,31.43,48,0,3.6,HR,1624269908
Erice,38.037,12.5865,33.54,50,91,4.32,IT,1624269909
Rockport,28.0206,-97.0544,30.14,87,75,2.68,US,1624269909
São Miguel do Araguaia,-13.275,-50.1628,20.5,57,4,1.55,BR,1624269910
Ukiah,39.1502,-123.2078,17.71,75,1,2.06,US,1624269911
Basoko,1.2391,23.616,31.38,51,40,0.53,CD,1624269912
Akdepe,42.0551,59.3788,35.05,14,0,3.21,TM,1624269913
Tanete,-3.9443,119.7848,25.08,89,98,0.65,ID,1624269914
Progreso,21.2833,-89.6667,25.06,89,100,5.15,MX,1624269914
